cleaned_text,Sentiment
enterprises leverage red hat openshift ibm cloud pak applications expedite hybrid cloud transformation enhancing application modernization deployment agility,Neutral
mwc25 kicks today tune thecube exclusive insights amp future ai cloud amp 5g watch live 10 cet ai 5g cloudcomputing,Positive
acquisition might see terraform vault becoming even integrated ibm cloud amp hybrid cloud environments,Positive
ibm announced completed acquisition hashicorp whose products automate secure infrastructure underpins hybrid cloud applications generative ai ibm hashicorp hybridcloud genai via,Positive
ibms watson ai quantum computing research cloud infrastructure rely gpus demand 18000 units would enhance ai research enterprise solutions,Neutral
apac news roundup part ii 2 japan red hats automotive os subsystems achieve safety certification advancing intelligent vehicles 3 ibm red hat equip south koreas digital leaders skills driving tech transformation,Positive
however detriment 18fand benefit firms like ibm ibm palantir pltr 18f competes directly privatesector tech companies traditionally dominated government contracts software cybersecurity cloud infrastructure,Positive
however detriment 18fand benefit firms like ibm ibm palantir pltr 18f competes directly privatesector tech companies traditionally dominated government contracts software cybersecurity cloud infrastructure,Positive
develop variety applications including web pages ai agents games integrating api keys leading ai providers gpt openai cohere anthropic stability ai replit also supports api integrations platforms like ibm watson google cloud,Neutral
infrastructure powering ibms gen ai model development infrastructure includes 1 vela aioptimized supercomputing capability directly integrated ibm cloud delivering scalable dynamic multitenant geographically distributed infrastructure,Positive
woah interface ibm cloud really nice compared oci gcp aws,Positive
ibm completes acquisition hashicorp expanding cloud automation infrastructure capabilities significant move enterprise tech space ibm hashicorp cloudcomputing devops automation enterprisetech,Positive
tech execs struggling unpredictable costs aidriven solutions cloud bills rise find businesses tackling challenges databacked insights study collaboration hanover,Negative
ibm rolled granite 32 adding ai features like conditional reasoning time series forecasting enterprise needs also completed 64b acquisition hashicorp boost hybrid cloud meanwhile goog msft keep pushing ai boundaries read ai,Neutral
volunteering selfstudy form handson experience shows commitment recommended certifications start include google project management certification microsoft cloud support certification itrelated roles ibm project management,Neutral
msft earnings call ceo draws parallel client server cloud migration cheap ai inference true cloud usage shot also true dell ibm lost every move tech creates winners losers loser due falling cost inference,Positive
cloud computing ai forefront orcl ibm strategically positioning success ability innovate adapt significantly influence growth trajectories making worth watching investors,Positive
well spotted real savings datacenter software oracle ibm vmware etc typically licensed seat b cloud services aws azure gcp gartner data show 30 spend recoverable wastelikely government despite,Positive
1 opportunity sailpoint started exibm vp mark mclain 2005 saw enterprises struggled identity sprawl cloud adoption exploded legacy tools like ibm tivoli oracle identity manager couldnt handle hybrid environments started,Neutral
ibm completes 64 billion acquisition hashicorp acquire business cloud hashicorp ibm terraform,Neutral
ibm completes acquisition hashicorp creates comprehensive endtoend hybrid cloud platform generativeai hybridcloud cloudinfrastructure cloud,Neutral
qualcomm ibm scale enterprisegrade generative ai edge cloud generativeai artificialintelligence edge cloud mwc mwc25,Neutral
job still using emulation ibm dumb terminals 1980s sadly video games might never able benefit cloud processing although loading screen could new download youd still need low latency gameplay,Negative
yuval harari schwabs advisor puts plainly science replacing evolution natural selection evolution intelligent design intelligent design god intelligent design intelligent design cloudsthe ibm cloud microsoft,Positive
ibm completes acquisition hashicorp,Neutral
ibm rolled granite 32 conditional reasoning timeseries forecasting tackle tough enterprise ai problems also completed hcp acquisition hybrid cloud security keeping eye msft googl amzn ai race read ai stocks,Negative
ibm completes acquisition hashicorp creates comprehensive endtoend hybrid cloud platform ibm hashicorp hybridcloud via,Neutral
ibm intc taking database performance next level ibm cloud soon offer intel gaudi 3 ai accelerators service strengthening 25year partnership two companies ibms internal testing also shows 5th gen intel xeon scalable processors,Neutral
morning roll call companies behind global simulation fraud google el goog global ai amp data manipulation openai controlled ai censorship amp thought policing ibm aws atampt microsoft cloud entrapment amp mdm exploits,Negative
ibm completes 64 billion acquisition hashicorp creates comprehensive endtoend hybrid cloud platform hashicorp pioneer cloud infrastructure helping worlds largest enterprises succeed hybrid multicloud environments decade two,Neutral
exciting trends cloud infrastructure ai sustainability hybrid solutions drive growth explore detailed analysis market leaders future opportunities cloud services,Positive
ibm finalizes 64b acquisition hashicorp big news tech world ibm officially acquired hashicorp 64 billion strengthening cloud automation infrastructure management position deal set enhance ibms hybrid cloud ai capabilities,Neutral
hashicorp helping worlds largest enterprises succeed hybrid multicloud environments decade devops environments,Neutral
newswiretoday qualcomm ibm scale enterprisegrade generative ai edge cloud quallcomm ibm generativeai edge cloud aihub granite redhat openshift watsonx snapdragon software,Neutral
career progression software engineer global gtm cloud migration amp modernisation lead ibm datacentergtm dcsmi datacenter digitalinfrastructure criticalfacilities missioncritical cloudmigration cloudmodernization ibmcloud,Neutral
ibm completes hashicorp acquisition 64 billion expanding hybrid cloud offerings technology technews,Neutral
ibm sealed deal snatching hashicorp cool 64 billion acquisition set supercharge hybrid cloud offerings streamline infrastructure provisioning ready dive details check,Positive
hashicorp joins ibm accelerate mission enabling multicloud,Neutral
get access premium courses ai data analytics machine learning data science cloud computing web development ethical hacking cybersecurity data analytics dsa aws ibm certifications data science deep learning big data sql mba,Positive
ibm hashicorp cloud power boost,Neutral
huge win ibms hybrid cloud strategy,Positive
ibm closes 64b hashicorp acquisition ibm completed 64 billion acquisition hashicorp deal finalized two days uk antitrust approval announced 10 months ago hashicorp known terraform tool managing cloud infrastructure terraform open,Neutral
new research united states maintains position leading country conversational ai revenue backed established cloud tech giants like google ibm microsoft azure cloud technology research trends,Positive
like isnt chain thats hard blocked e cloud cant dot dod i3mp toibm fbi mob technology oligarchs cia randcorp operationpaperclip world takenover nazi pedos,Negative
ibm completes acquisition hashicorp creates comprehensive endtoend hybrid cloud platform,Neutral
combination intel ibm builds 25year legacy improvement new levels scalability efficiency intelxeon scalable processors paired data db2 learn,Positive
ibm acquires hashicorp 64b strengthening hybrid cloud ai automation multicloud security mean future cloud computing lets discuss ibm hashicorp cloudcomputing ai hybridcloud,Negative
expand collaboration advance generative ai across edge cloud mwc25 ai,Neutral
ibm completes 64b acquisition hashicorp enhancing hybrid cloud capabilities advanced multicloud infrastructure tools read ibm hashicorp cloudcomputing hybridcloud acquisition bestplacetowork ittechpulse,Positive
early 2000s ibm wrestling declining hardware sales tech world pivoted toward software cloud computing many industry insiders questioned traditional giant could adapt drastic changes yet leadership took bold standrather,Positive
business moves cloud security data frequently spread across different tools clouds environments rt cloudcomputing cybesecurity dataprotection,Positive
turning people et cryptids mad scientists sick problem solved ibm feet connecting humans cloud making psychics great skin bodies via remote control battery,Negative
ibm completed 64b acquisition hashicorp strengthening hybrid cloud automation capabilities move accelerates innovation infrastructure management aidriven ibm hashicorp hybridcloud automation ai,Neutral
まじ hashicorp joins ibm accelerate mission enabling multicloud,Neutral
aitech365s weekly roundup discover recent news aitech365 cloud cybersecurity datamanagement generativeai healthcaremanagement itanddevops machinelearning news security,Neutral
ibm completes acquisition hashicorp creating comprehensive hybrid cloud platform ibm hashicorp cloud tech acquisition,Neutral
ibm completes acquisition hashicorp linux hashicorp ibm acquisition,Neutral
empower security teams manage vulnerabilities amp risks across entire data lifecycle onpremises amp cloud environments protect data accelerating compliance minimizing cost amp risk contact us datasecurity ibm guardium,Neutral
qualcomm ibm revolutionizing enterprise ai theyve expanded collaboration deliver scalable enterprisegrade generative ai solutions edge cloud qualcommibm enterpriseai,Neutral
ibm completes acquisition hashicorp ushering new era hybrid cloud automation,Positive
googles weather information comes various sources including weather channel uses ibm cloud system iphone users receive data noaa met office,Neutral
happy headlines ibm picked hashicorp like kid snatching last cookie dynamic duo set revolutionize hybrid cloud ai making tech smoother buttered slide ready future cloud runs flawlessly check good vibes,Positive
エッ hashicorp joins ibm accelerate mission enabling multicloud,Neutral
qubt ionq rgti msft goog ibm amzn qbts awss superior power scalability market dominance pose significant threat dwaves cloudbased offerings,Positive
amp scale enterprise ai edge cloud ai aihub aiplatforms aitech365 cloud generativeai ibm news qualcomm watsonxgovernance,Neutral
ai cloud cybersecurity evolving rapidly weeks nexaquanta weekly covers key industry updatesfrom ibms strategic acquisition hashicorp openais latest ai model gpt45 read ai cloudcomputing cybersecurity technews,Positive
ibm completes acquisition hashicorp ushering new era hybrid cloud automation,Positive
ibm completes acquisition hashicorp ushering new era hybrid cloud automation ibm completes acquisition hashicorp enhancing capabilities hybrid cloud ai modern solutions,Positive
ibm hashicorp big news cloud devs infrastructure code got powerful new home devops cloud infrastructure,Positive
james h grossman board member freshtl fresh limited manchester cloud computing company established relationships ibms lotus live integrated well known system 2011,Positive
two notable arvinds tech world arvind krishna chairman ceo ibm since 2020 hes led ibms expansion ai cloud computing quantum tech 30 year career arvind last name renowned mit computer science professor,Positive
rewiring telecom mindset csps gaining network advantage cloud ai ibm institute business value,Neutral
qualcomm amp ibm scale enterprisegrade generative ai edge cloud,Neutral
last night wild openais ai leap metas ar push ibms cloud grab tech giants moving faststay tuned ai ar cloud,Positive
ibm sealed 64b deal hashicorp boosts cloud automation terraform tools big win hybrid cloud,Positive
ibm completes acquisition hashicorp creates comprehensive endtoend hybrid cloud platform,Neutral
ibm completes acquisition hashicorp,Neutral
hashicorp joins ibm bold leap toward multicloud mastery means business hashicorp trending trendingnow,Positive
tons money hybrid cloud ibm broadcom going lead whole hybrid cloud era going explode big corporations seeing savings cloud,Positive
qualcomm ibm announced major partnership bring powerful efficient ai technology businesses help use ai across different devices ranging cloud servers smartphones move could make ai smarter faster,Positive
big news tech world ibm completes whopping 64b acquisition boost cloud automation think means future cloud services dive details ibm cloudcomputing technews automation,Neutral
311 generalized quantum computing isnt yet ready production workloads major players like amazon google ibm microsoft investing envisioning future quantum cloud computing becomes reality,Positive
explore tradegpt investment insights powered cuttingedge ai proudly supported edb singapore google cloud huawei ibm ai tradegpt watch,Positive
boosting ibms cloud gamethink hybrid setups ai power,Neutral
hashicorps tools like terraform help manage cloud stuff ibm wants action,Positive
join executive luncheon build robust resilient infrastructure optimized ai workloads hybrid cloud expression interests date 12 march 2025 wednesday time 1000 1300 ict venue hyatt regency bangkok sukhumvit,Neutral
へー hashicorp joins ibm accelerate mission enabling multicloud,Neutral
ibm completes acquisition hashicorp,Neutral
ibm completes acquisition hashicorp,Neutral
mom mwc25 bosch qualcomm mwc2025 bigdata himss25 linkedin innovation webinar uk usa europe health crypto frenchtech healthtech ai web3 5g mpeberlin2025 digitalhealth socialmedia,Neutral
ibm closes 64b hashicorp deal regulatory hurdles clearedftc amp uks cma approved terraform ibmbig blue strengthens hybrid cloud play riding ai amp cloud waveibms market cap soared past 240b smart move pricey bet,Negative
ibm completes acquisition hashicorp quick share hackernews via ifttt posted ahurmazda february 27 2025 0528pm article url comments url points 201 comments 120,Positive
ibm completes hashicorp acquisition bolstering hybrid cloud capabilities 64 billion deal strengthens ibms position growing cloud computing market,Neutral
shame happened hashicorp,Neutral
ibm completes acquisition hashicorp creates comprehensive endtoend hybrid cloud platform ibm hpc,Neutral
ibm completes acquisition hashicorp creates comprehensive endtoend hybrid cloud platform ibm aiwire,Neutral
ibm completes acquisition hashicorp creates comprehensive endtoend hybrid cloud platform ibm bigdatawire,Neutral
ibm completes acquisition hashicorp hackernews,Neutral
hashicorp joins ibm accelerate mission enabling multicloud,Neutral
hashicorp joins ibm accelerate mission enabling multicloud,Neutral
